{"val_score": 0.7790778858922529, "_timestamp": 1653318481, "_runtime": 254, "_step": 301, "inv_loss": 0.3695000112056732, "var_loss": 0.3385421335697174, "cov_loss": 0.26055899262428284, "train_loss": 0.9686011075973511, "unreg_loss": 0.9686011075973511, "_wandb": {"runtime": 255}}