{"val_score": 0.6391496605119005, "_timestamp": 1653483345, "_runtime": 184, "_step": 172, "inv_loss": 0.9256693720817566, "var_loss": 1.1627964973449707, "cov_loss": 0.24398928880691528, "mod_reg": 0.06997287273406982, "train_loss": 2.402428150177002, "unreg_loss": 2.3324551582336426, "_wandb": {"runtime": 185}}