{"val_score": 0.7547685693701355, "_timestamp": 1653395241, "_runtime": 1103, "_step": 401, "inv_loss": 0.3661181330680847, "var_loss": 0.3421517610549927, "cov_loss": 0.2669358551502228, "mod_reg": 0.7888472080230713, "train_loss": 1.7640529870986938, "unreg_loss": 0.9752057790756226, "_wandb": {"runtime": 1105}}