{"train_loss": 1.7388108968734741, "unreg_loss": 1.5211824178695679, "mod_reg": 0.21762849390506744, "_timestamp": 1652451551, "_runtime": 252, "_step": 199, "val_score": 89.53792572021484, "_wandb": {"runtime": 252}}