{"val_score": 0.38016729473564004, "_timestamp": 1653484709, "_runtime": 126, "_step": 92, "inv_loss": 0.3750384747982025, "var_loss": 0.02375456877052784, "cov_loss": 0.07169457525014877, "mod_reg": 0, "train_loss": 0.4704876244068146, "unreg_loss": 0.4704876244068146, "_wandb": {"runtime": 126}}