{"val_score": 0.38016729473564004, "_timestamp": 1653483976, "_runtime": 117, "_step": 92, "inv_loss": 0.37503913044929504, "var_loss": 0.02375456877052784, "cov_loss": 0.07169441133737564, "mod_reg": 0, "train_loss": 0.4704881012439728, "unreg_loss": 0.4704881012439728, "_wandb": {"runtime": 119}}