{"train_loss": 1.5461262464523315, "unreg_loss": 1.4311752319335938, "mod_reg": 0.11495102941989899, "_timestamp": 1652873265, "_runtime": 115, "_step": 199, "val_score": 91.02005004882812, "_wandb": {"runtime": 116}}