{"val_score": 0.6269942704425607, "_timestamp": 1653485500, "_runtime": 182, "_step": 180, "inv_loss": 0.8113274574279785, "var_loss": 1.1340868473052979, "cov_loss": 0.2376481592655182, "mod_reg": 0, "train_loss": 2.1830625534057617, "unreg_loss": 2.1830625534057617, "_wandb": {"runtime": 183}}