{"train_loss": 11.11663818359375, "unreg_loss": 1.7270817756652832, "mod_reg": 9.389555931091309, "_timestamp": 1652449889, "_runtime": 7, "_step": 0, "_wandb": {"runtime": 8}}