{"val_score": 0.4049927798548059, "_timestamp": 1653484224, "_runtime": 109, "_step": 116, "inv_loss": 1.2377361059188843, "var_loss": 0.2567278742790222, "cov_loss": 0.0842222049832344, "mod_reg": 0.0889054387807846, "train_loss": 1.6675915718078613, "unreg_loss": 1.5786861181259155, "_wandb": {"runtime": 110}}