{"val_score": 0.4013418401022926, "_timestamp": 1653486443, "_runtime": 16, "_step": 3, "inv_loss": 0.0033639511093497276, "var_loss": 3.7517619132995605, "cov_loss": 3.2103480407386087e-07, "mod_reg": 0, "train_loss": 3.7551259994506836, "unreg_loss": 3.7551259994506836, "_wandb": {"runtime": 22}}