{"val_score": 0.635780087897228, "_timestamp": 1653483609, "_runtime": 206, "_step": 173, "inv_loss": 0.925652265548706, "var_loss": 1.16280996799469, "cov_loss": 0.2439856231212616, "mod_reg": 0.06997286528348923, "train_loss": 2.40242075920105, "unreg_loss": 2.3324480056762695, "_wandb": {"runtime": 207}}