{"val_score": 0.6391496605119005, "_timestamp": 1653485271, "_runtime": 180, "_step": 172, "inv_loss": 0.9256635308265686, "var_loss": 1.1628068685531616, "cov_loss": 0.24398809671401978, "mod_reg": 0.06997286528348923, "train_loss": 2.4024312496185303, "unreg_loss": 2.33245849609375, "_wandb": {"runtime": 181}}