{"train_loss": 1.5828849077224731, "unreg_loss": 1.4768346548080444, "mod_reg": 0.10605025291442871, "_timestamp": 1652449753, "_runtime": 20, "_step": 99, "_wandb": {"runtime": 20}}