{"val_score": 0.6438218447253183, "_timestamp": 1653394110, "_runtime": 91, "_step": 35, "inv_loss": 1.7147610187530518, "var_loss": 3.3093371391296387, "cov_loss": 0.07781370729207993, "mod_reg": 478.9862060546875, "train_loss": 484.0881042480469, "unreg_loss": 5.101912021636963, "_wandb": {"runtime": 96}}