{"train_loss": 11.114824295043945, "unreg_loss": 1.7252678871154785, "mod_reg": 9.389555931091309, "_timestamp": 1652451161, "_runtime": 8, "_step": 0, "_wandb": {"runtime": 9}}