{"val_score": 0.7135428661643963, "_timestamp": 1653393469, "_runtime": 1078, "_step": 301, "inv_loss": 1.202640414237976, "var_loss": 0.49440866708755493, "cov_loss": 0.45855554938316345, "train_loss": 478.3640441894531, "unreg_loss": 2.155604600906372, "_wandb": {"runtime": 1079}}