{"val_score": 0.5506790895406231, "_timestamp": 1653468028, "_runtime": 15, "_step": 4, "inv_loss": 2.311347723007202, "var_loss": 4.402180194854736, "cov_loss": 0.8814758062362671, "mod_reg": 0.06781439483165741, "train_loss": 7.66281795501709, "unreg_loss": 7.595003604888916, "_wandb": {"runtime": 15}}